{"accuracy": [[1, 0.6959999998410543], [2, 0.7672000050544738], [3, 0.8177999973297119], [4, 0.8323999881744385], [5, 0.8632000088691711], [6, 0.8884000062942505], [7, 0.9022000074386597], [8, 0.9211999893188476], [9, 0.926200008392334], [10, 0.9362000107765198]], "loss": [[1, 0.6031144857406616], [2, 0.5331612229347229], [3, 0.4387024581432343], [4, 0.35360966324806214], [5, 0.2927294194698334], [6, 0.2533530116081238], [7, 0.22688733637332917], [8, 0.20786360204219817], [9, 0.1928827255964279], [10, 0.17933281064033507]]}